--
INSERT INTO Keahlian (Id_Keahlian, Nama_Keahlian) VALUES
('K001', 'Pengembangan Web'),
('K002', 'Analisis Data'),
('K003', 'Pemrograman Mobile'),
('K004', 'Desain Grafis'),
('K005', 'Manajemen Proyek'),
('K006', 'Jaringan Komputer'),
('K007', 'Pemrograman Java'),
('K008', 'Pengembangan Aplikasi Android'),
('K009', 'Sistem Basis Data'),
('K010', 'Keamanan Informasi'),
('K011', 'Pemrograman C++'),
('K012', 'Pengembangan Aplikasi iOS'),
('K013', 'Analisis Keamanan Jaringan'),
('K014', 'Desain User Interface'),
('K015', 'Pengujian Perangkat Lunak'),
('K016', 'Sistem Operasi'),
('K017', 'Pemrograman Python'),
('K018', 'Kecerdasan Buatan'),
('K019', 'Pengembangan Game'),
('K020', 'Pemrograman Frontend'),
('K021', 'Pengembangan Backend'),
('K022', 'Administrasi Sistem'),
('K023', 'Manajemen Basis Data'),
('K024', 'Pemrograman PHP'),
('K025', 'Analisis Algoritma'),
('K026', 'Desain Web'),
('K027', 'Teknik SEO'),
('K028', 'Pengelolaan Proyek TI'),
('K029', 'Pemrograman Ruby'),
('K030', 'Pemrograman Swift'),
('K031', 'Desain Multimedia'),
('K032', 'Pemrograman JavaScript'),
('K033', 'Analisis Sistem Informasi'),
('K034', 'Pengembangan Sistem Informasi Geografis'),
('K035', 'Pengembangan Sistem Informasi Akuntansi'),
('K036', 'Pemrograman .NET'),
('K037', 'Analisis Big Data'),
('K038', 'Pemrograman Kotlin'),
('K039', 'Desain Arsitektur Informasi'),
('K040', 'Manajemen Proses Bisnis'),
('K041', 'Analisis Biaya Proyek TI'),
('K042', 'Manajemen Pengetahuan'),
('K043', 'Manajemen Layanan TI'),
('K044', 'Rekayasa Kebutuhan Perangkat Lunak'),
('K045', 'Manajemen Konfigurasi'),
('K046', 'Manajemen Kapasitas'),
('K047', 'Manajemen Keandalan'),
('K048', 'Manajemen Keamanan'),
('K049', 'Manajemen Kinerja'),
('K050', 'Manajemen Aset TI'),
('K051', 'Manajemen Resiko TI'),
('K052', 'Manajemen Persyaratan Perangkat Lunak'),
('K053', 'Manajemen Kualitas Perangkat Lunak'),
('K054', 'Manajemen Konfigurasi Perangkat Lunak'),
('K055', 'Manajemen Proses Perangkat Lunak'),
('K056', 'Manajemen Keselarasan Bisnis dan TI'),
('K057', 'Manajemen Proyek Perangkat Lunak'),
('K058', 'Manajemen Rencana TI'),
('K059', 'Manajemen Proses Bisnis'),
('K060', 'Manajemen Pengembangan Produk'),
('K061', 'Manajemen Layanan Bisnis'),
('K062', 'Manajemen Proses Bisnis'),
('K063', 'Manajemen Integrasi TI'),
('K064', 'Manajemen Layanan Perangkat Lunak'),
('K065', 'Manajemen Kontrak TI'),
('K066', 'Manajemen Keuangan TI'),
('K067', 'Manajemen Portofolio TI'),
('K068', 'Manajemen Kualitas TI'),
('K069', 'Manajemen Penyedia Layanan TI'),
('K070', 'Manajemen Rantai Pasokan TI'),
('K071', 'Manajemen Teknologi Informasi'),
('K072', 'Manajemen Sumber Daya TI'),
('K073', 'Manajemen Proyek Sistem Informasi'),
('K074', 'Manajemen Proyek Infrastruktur TI'),
('K075', 'Manajemen Integrasi Sistem Informasi'),
('K076', 'Manajemen Pengetahuan TI'),
('K077', 'Manajemen Sistem TI'),
('K078', 'Manajemen Layanan TI'),
('K079', 'Manajemen Proses Bisnis TI'),
('K080', 'Manajemen Rantai Pasokan'),
('K081', 'Manajemen Pengembangan Bisnis'),
('K082', 'Manajemen Transformasi Bisnis'),
('K083', 'Manajemen Perubahan Organisasi'),
('K084', 'Manajemen Strategis Bisnis'),
('K085', 'Manajemen Kualitas'),
('K086', 'Manajemen Risiko'),
('K087', 'Manajemen Perubahan'),
('K088', 'Manajemen Operasi'),
('K089', 'Manajemen Keuangan'),
('K090', 'Manajemen Sumber Daya Manusia'),
('K091', 'Manajemen Pemasaran'),
('K092', 'Manajemen Produksi'),
('K093', 'Manajemen Logistik'),
('K094', 'Manajemen Mutu'),
('K095', 'Manajemen Layanan Pelanggan'),
('K096', 'Manajemen Rantai Pasokan'),
('K097', 'Manajemen Proyek'),
('K098', 'Manajemen Strategi'),
('K099', 'Manajemen Operasional'),
('K100', 'Manajemen Keuangan');
--
INSERT INTO Kategori_Pekerjaan (Id_Kategori, Nama_Kategori_Pekerjaan) VALUES
('KP001', 'Pengembangan Perangkat Lunak'),
('KP002', 'Analisis Data'),
('KP003', 'Pemrograman'),
('KP004', 'Desain Grafis'),
('KP005', 'Manajemen Proyek'),
('KP006', 'Administrasi Jaringan'),
('KP007', 'Administrasi Basis Data'),
('KP008', 'Keamanan Informasi'),
('KP009', 'Pengujian Perangkat Lunak'),
('KP010', 'Administrasi Sistem'),
('KP011', 'Pengembangan Web'),
('KP012', 'Pemrograman Mobile'),
('KP013', 'Analisis Keamanan Jaringan'),
('KP014', 'Desain User Interface'),
('KP015', 'Teknik SEO'),
('KP016', 'Manajemen Proses Bisnis'),
('KP017', 'Rekayasa Kebutuhan Perangkat Lunak'),
('KP018', 'Manajemen Kapasitas'),
('KP019', 'Manajemen Keamanan'),
('KP020', 'Pemasaran Digital'),
('KP021', 'Pengembangan Aplikasi'),
('KP022', 'Manajemen Teknologi Informasi'),
('KP023', 'Manajemen Proyek TI'),
('KP024', 'Manajemen Sistem'),
('KP025', 'Manajemen Layanan TI'),
('KP026', 'Manajemen Basis Data'),
('KP027', 'Manajemen Rantai Pasokan'),
('KP028', 'Manajemen Kualitas'),
('KP029', 'Manajemen Keuangan'),
('KP030', 'Manajemen Operasional'),
('KP031', 'Manajemen Sumber Daya Manusia'),
('KP032', 'Manajemen Pemasaran'),
('KP033', 'Manajemen Produksi'),
('KP034', 'Manajemen Logistik'),
('KP035', 'Manajemen Mutu'),
('KP036', 'Manajemen Layanan Pelanggan'),
('KP037', 'Manajemen Rantai Pasokan'),
('KP038', 'Manajemen Proyek'),
('KP039', 'Manajemen Strategi'),
('KP040', 'Manajemen Operasional'),
('KP041', 'Pengembangan Produk Baru'),
('KP042', 'Pemasaran Digital'),
('KP043', 'Manajemen Hubungan Pelanggan'),
('KP044', 'Manajemen Penjualan'),
('KP045', 'Manajemen Kategori'),
('KP046', 'Manajemen Merek'),
('KP047', 'Manajemen Promosi'),
('KP048', 'Manajemen Distribusi'),
('KP049', 'Manajemen Retail'),
('KP050', 'Manajemen Grosir'),
('KP051', 'Manajemen Eceran'),
('KP052', 'Manajemen Stok'),
('KP053', 'Manajemen Suplai'),
('KP054', 'Manajemen Permintaan'),
('KP055', 'Manajemen Persediaan'),
('KP056', 'Manajemen Penyimpanan'),
('KP057', 'Manajemen Transportasi'),
('KP058', 'Manajemen Logistik Revers'),
('KP059', 'Manajemen Rantai Pasokan Terbalik'),
('KP060', 'Manajemen Material'),
('KP061', 'Manajemen Resiko TI'),
('KP062', 'Manajemen Persyaratan Perangkat Lunak'),
('KP063', 'Manajemen Kualitas Perangkat Lunak'),
('KP064', 'Manajemen Konfigurasi Perangkat Lunak'),
('KP065', 'Manajemen Proses Perangkat Lunak'),
('KP066', 'Manajemen Keselarasan Bisnis dan TI'),
('KP067', 'Manajemen Proyek Perangkat Lunak'),
('KP068', 'Manajemen Rencana TI'),
('KP069', 'Manajemen Proses Bisnis'),
('KP070', 'Manajemen Pengembangan Produk'),
('KP071', 'Manajemen Layanan Bisnis'),
('KP072', 'Manajemen Proses Bisnis'),
('KP073', 'Manajemen Integrasi TI'),
('KP074', 'Manajemen Layanan Perangkat Lunak'),
('KP075', 'Manajemen Kontrak TI'),
('KP076', 'Manajemen Keuangan TI'),
('KP077', 'Manajemen Portofolio TI'),
('KP078', 'Manajemen Kualitas TI'),
('KP079', 'Manajemen Penyedia Layanan TI'),
('KP080', 'Manajemen Rantai Pasokan TI'),
('KP081', 'Manajemen Hubungan Pelanggan'),
('KP082', 'Manajemen Penjualan'),
('KP083', 'Manajemen Kategori'),
('KP084', 'Manajemen Merek'),
('KP085', 'Manajemen Promosi'),
('KP086', 'Manajemen Distribusi'),
('KP087', 'Manajemen Retail'),
('KP088', 'Manajemen Grosir'),
('KP089', 'Manajemen Eceran'),
('KP090', 'Manajemen Stok'),
('KP091', 'Manajemen Suplai'),
('KP092', 'Manajemen Permintaan'),
('KP093', 'Manajemen Persediaan'),
('KP094', 'Manajemen Penyimpanan'),
('KP095', 'Manajemen Transportasi'),
('KP096', 'Manajemen Logistik Revers'),
('KP097', 'Manajemen Rantai Pasokan Terbalik'),
('KP098', 'Manajemen Material'),
('KP099', 'Manajemen Resiko TI'),
('KP100', 'Manajemen Persyaratan Perangkat Lunak');
--
INSERT INTO Perusahaan (Id_Perusahaan, Nama_Perusahaan, Bidang_Industri, Alamat, Negara, Kontak, Pendapatan_Tahunan) VALUES
('PR001', 'PT Maju Jaya', 'Teknologi Informasi', 'Jl. Merdeka No. 123, Jakarta', 'Indonesia', '021-1234567', 15000000000),
('PR002', 'PT Berkah Makmur', 'Keuangan', 'Jl. Pahlawan No. 45, Surabaya', 'Indonesia', '021-9876543', 20000000000),
('PR003', 'PT Sejahtera Abadi', 'Telekomunikasi', 'Jl. Diponegoro No. 78, Bandung', 'Indonesia', '021-5678912', 18000000000),
('PR004', 'PT Sentosa Jaya', 'Pariwisata', 'Jl. Gatot Subroto No. 90, Yogyakarta', 'Indonesia', '021-3456789', 22000000000),
('PR005', 'PT Jaya Bersama', 'Otomotif', 'Jl. Sudirman No. 111, Medan', 'Indonesia', '021-2345678', 19000000000),
('PR006', 'PT Mandiri Sentosa', 'Kesehatan', 'Jl. Thamrin No. 222, Semarang', 'Indonesia', '021-8765432', 21000000000),
('PR007', 'PT Abadi Makmur', 'Pendidikan', 'Jl. Hayam Wuruk No. 333, Bali', 'Indonesia', '021-6543219', 23000000000),
('PR008', 'PT Nusantara Jaya', 'Energi', 'Jl. MH Thamrin No. 444, Makassar', 'Indonesia', '021-4321987', 24000000000),
('PR009', 'PT Bersatu Teguh', 'Manufaktur', 'Jl. Ahmad Yani No. 555, Palembang', 'Indonesia', '021-3219876', 25000000000),
('PR010', 'PT Prima Lestari', 'Perdagangan', 'Jl. Gajah Mada No. 666, Malang', 'Indonesia', '021-2198765', 26000000000),
('PR011', 'PT Karya Bersama', 'Konstruksi', 'Jl. Diponegoro No. 777, Balikpapan', 'Indonesia', '021-1987654', 27000000000),
('PR012', 'PT Cemerlang Jaya', 'Retail', 'Jl. Pangeran Antasari No. 888, Padang', 'Indonesia', '021-9876543', 28000000000),
('PR013', 'PT Sejahtera Bersama', 'Agribisnis', 'Jl. Gatot Subroto No. 999, Bandar Lampung', 'Indonesia', '021-8765432', 29000000000),
('PR014', 'PT Abadi Sentosa', 'Makanan dan Minuman', 'Jl. Sudirman No. 1010, Pontianak', 'Indonesia', '021-7654321', 30000000000),
('PR015', 'PT Mitra Sejati', 'Media', 'Jl. Thamrin No. 1111, Banjarmasin', 'Indonesia', '021-6543219', 31000000000),
('PR016', 'PT Purnama Jaya', 'Bioteknologi', 'Jl. Hayam Wuruk No. 1212, Samarinda', 'Indonesia', '021-5432198', 32000000000),
('PR017', 'PT Harmoni Makmur', 'Konsultan', 'Jl. MH Thamrin No. 1313, Tasikmalaya', 'Indonesia', '021-4321987', 33000000000),
('PR018', 'PT Berkah Abadi', 'Properti', 'Jl. Ahmad Yani No. 1414, Manado', 'Indonesia', '021-3219876', 34000000000),
('PR019', 'PT Mandiri Sejahtera', 'Transportasi', 'Jl. Gajah Mada No. 1515, Bengkulu', 'Indonesia', '021-2198765', 35000000000),
('PR020', 'PT Lestari Bersama', 'Perbankan', 'Jl. Diponegoro No. 1616, Palu', 'Indonesia', '021-1987654', 36000000000),
('PR021', 'PT Berkat Sentosa', 'Teknologi Informasi', 'Jl. Merdeka No. 1717, Bandung', 'Indonesia', '021-9876543', 37000000000),
('PR022', 'PT Jaya Lestari', 'Keuangan', 'Jl. Pahlawan No. 1818, Surabaya', 'Indonesia', '021-8765432', 38000000000),
('PR023', 'PT Sentosa Bersama', 'Telekomunikasi', 'Jl. Diponegoro No. 1919, Yogyakarta', 'Indonesia', '021-7654321', 39000000000),
('PR024', 'PT Mandiri Bersama', 'Pariwisata', 'Jl. Gatot Subroto No. 2020, Medan', 'Indonesia', '021-6543219', 40000000000),
('PR025', 'PT Sejahtera Lestari', 'Otomotif', 'Jl. Sudirman No. 2121, Semarang', 'Indonesia', '021-5432198', 41000000000),
('PR026', 'PT Makmur Sentosa', 'Kesehatan', 'Jl. Thamrin No. 2222, Bali', 'Indonesia', '021-4321987', 42000000000),
('PR027', 'PT Jaya Makmur', 'Pendidikan', 'Jl. Hayam Wuruk No. 2323, Makassar', 'Indonesia', '021-3219876', 43000000000),
('PR028', 'PT Lestari Bersama', 'Energi', 'Jl. MH Thamrin No. 2424, Palembang', 'Indonesia', '021-2198765', 44000000000),
('PR029', 'PT Berkah Bersama', 'Manufaktur', 'Jl. Ahmad Yani No. 2525, Malang', 'Indonesia', '021-1987654', 45000000000),
('PR030', 'PT Sejahtera Bersama', 'Perdagangan', 'Jl. Gajah Mada No. 2626, Balikpapan', 'Indonesia', '021-1876543', 46000000000),
('PR031', 'PT Maju Bersama', 'Konstruksi', 'Jl. Diponegoro No. 2727, Padang', 'Indonesia', '021-1765432', 47000000000),
('PR032', 'PT Berkat Bersama', 'Retail', 'Jl. Pangeran Antasari No. 2828, Bandar Lampung', 'Indonesia', '021-1654321', 48000000000),
('PR033', 'PT Sentosa Jaya', 'Agribisnis', 'Jl. Gatot Subroto No. 2929, Pontianak', 'Indonesia', '021-1543219', 49000000000),
('PR034', 'PT Makmur Jaya', 'Makanan dan Minuman', 'Jl.Sekar Jagad No. 38, Surakarta', 'Indonesia', '021-8130139', 50000000000),
('PR035', 'PT Sejahtera Abadi', 'Media', 'Jl. Sudirman No. 3030, Banjarmasin', 'Indonesia', '021-1432198', 50000000000),
('PR036', 'PT Harmoni Makmur', 'Bioteknologi', 'Jl. Thamrin No. 3131, Samarinda', 'Indonesia', '021-1321987', 51000000000),
('PR037', 'PT Bersatu Teguh', 'Konsultan', 'Jl. Hayam Wuruk No. 3232, Tasikmalaya', 'Indonesia', '021-1219876', 52000000000),
('PR038', 'PT Berkah Abadi', 'Properti', 'Jl. Ahmad Yani No. 3333, Manado', 'Indonesia', '021-1198765', 53000000000),
('PR039', 'PT Mandiri Sejahtera', 'Transportasi', 'Jl. Gajah Mada No. 3434, Bengkulu', 'Indonesia', '021-1187654', 54000000000),
('PR040', 'PT Lestari Bersama', 'Perbankan', 'Jl. Diponegoro No. 3535, Palu', 'Indonesia', '021-1176543', 55000000000),
('PR041', 'PT Berkat Sentosa', 'Teknologi Informasi', 'Jl. Merdeka No. 3636, Bandung', 'Indonesia', '021-1165432', 56000000000),
('PR042', 'PT Jaya Lestari', 'Keuangan', 'Jl. Pahlawan No. 3737, Surabaya', 'Indonesia', '021-1154321', 57000000000),
('PR043', 'PT Sentosa Bersama', 'Telekomunikasi', 'Jl. Diponegoro No. 3838, Yogyakarta', 'Indonesia', '021-1143219', 58000000000),
('PR044', 'PT Mandiri Bersama', 'Pariwisata', 'Jl. Gatot Subroto No. 3939, Medan', 'Indonesia', '021-1132198', 59000000000),
('PR045', 'PT Sejahtera Lestari', 'Otomotif', 'Jl. Sudirman No. 4040, Semarang', 'Indonesia', '021-1121987', 60000000000),
('PR046', 'PT Makmur Sentosa', 'Kesehatan', 'Jl. Thamrin No. 4141, Bali', 'Indonesia', '021-1119876', 61000000000),
('PR047', 'PT Jaya Makmur', 'Pendidikan', 'Jl. Hayam Wuruk No. 4242, Makassar', 'Indonesia', '021-1108765', 62000000000),
('PR048', 'PT Lestari Bersama', 'Energi', 'Jl. MH Thamrin No. 4343, Palembang', 'Indonesia', '021-1097654', 63000000000),
('PR049', 'PT Berkah Bersama', 'Manufaktur', 'Jl. Ahmad Yani No. 4444, Malang', 'Indonesia', '021-1086543', 64000000000),
('PR050', 'PT Sejahtera Bersama', 'Perdagangan', 'Jl. Gajah Mada No. 4545, Balikpapan', 'Indonesia', '021-1075432', 65000000000),
('PR051', 'PT Maju Bersama', 'Konstruksi', 'Jl. Diponegoro No. 4646, Padang', 'Indonesia', '021-1064321', 66000000000),
('PR052', 'PT Berkat Bersama', 'Retail', 'Jl. Pangeran Antasari No. 4747, Bandar Lampung', 'Indonesia', '021-1053219', 67000000000),
('PR053', 'PT Sentosa Jaya', 'Agribisnis', 'Jl. Gatot Subroto No. 4848, Pontianak', 'Indonesia', '021-1042198', 68000000000),
('PR054', 'PT Makmur Jaya', 'Makanan dan Minuman', 'Jl. Sudirman No. 4949, Banjarmasin', 'Indonesia', '021-1031987', 69000000000),
('PR055', 'PT Sejahtera Abadi', 'Media', 'Jl. Thamrin No. 5050, Samarinda', 'Indonesia', '021-1021876', 70000000000),
('PR056', 'PT Harmoni Makmur', 'Bioteknologi', 'Jl. Hayam Wuruk No. 5151, Tasikmalaya', 'Indonesia', '021-1018765', 71000000000),
('PR057', 'PT Bersatu Teguh', 'Konsultan', 'Jl. Ahmad Yani No. 5252, Manado', 'Indonesia', '021-1007654', 72000000000),
('PR058', 'PT Berkah Abadi', 'Properti', 'Jl. Gajah Mada No. 5353, Bengkulu', 'Indonesia', '021-0996543', 73000000000),
('PR059', 'PT Mandiri Sejahtera', 'Transportasi', 'Jl. Diponegoro No. 5454, Palu', 'Indonesia', '021-0985432', 74000000000),
('PR060', 'PT Lestari Bersama', 'Perbankan', 'Jl. Pahlawan No. 5555, Bandung', 'Indonesia', '021-0974321', 75000000000),
('PR061', 'PT Berkat Sentosa', 'Teknologi Informasi', 'Jl. Gatot Subroto No. 5656, Surabaya', 'Indonesia', '021-0963219', 76000000000),
('PR062', 'PT Jaya Lestari', 'Keuangan', 'Jl. Merdeka No. 5757, Yogyakarta', 'Indonesia', '021-0952198', 77000000000),
('PR063', 'PT Sentosa Bersama', 'Telekomunikasi', 'Jl. Sudirman No. 5858, Medan', 'Indonesia', '021-0941987', 78000000000),
('PR064', 'PT Mandiri Bersama', 'Pariwisata', 'Jl. Thamrin No. 5959, Semarang', 'Indonesia', '021-0931876', 79000000000),
('PR065', 'PT Sejahtera Lestari', 'Otomotif', 'Jl. Hayam Wuruk No. 6060, Bali', 'Indonesia', '021-0921765', 80000000000),
('PR066', 'PT Makmur Sentosa', 'Kesehatan', 'Jl. Diponegoro No. 6161, Makassar', 'Indonesia', '021-0911654', 81000000000),
('PR067', 'PT Jaya Makmur', 'Pendidikan', 'Jl. Gatot Subroto No. 6262, Palembang', 'Indonesia', '021-0901543', 82000000000),
('PR068', 'PT Lestari Bersama', 'Energi', 'Jl. Ahmad Yani No. 6363, Malang', 'Indonesia', '021-0891432', 83000000000),
('PR069', 'PT Berkah Bersama', 'Manufaktur', 'Jl. Gajah Mada No. 6464, Balikpapan', 'Indonesia', '021-0881321', 84000000000),
('PR070', 'PT Sejahtera Bersama', 'Perdagangan', 'Jl. Pangeran Antasari No. 6565, Padang', 'Indonesia', '021-0871219', 85000000000),
('PR071', 'PT Maju Bersama', 'Konstruksi', 'Jl. Sudirman No. 6666, Bandar Lampung', 'Indonesia', '021-0861108', 86000000000),
('PR072', 'PT Berkat Bersama', 'Retail', 'Jl. Thamrin No. 6767, Pontianak', 'Indonesia', '021-0850997', 87000000000),
('PR073', 'PT Sentosa Jaya', 'Agribisnis', 'Jl. Gatot Subroto No. 6868, Banjarmasin', 'Indonesia', '021-0840886', 88000000000),
('PR074', 'PT Makmur Jaya', 'Makanan dan Minuman', 'Jl. Hayam Wuruk No. 6969, Samarinda', 'Indonesia', '021-0830775', 89000000000),
('PR075', 'PT Sejahtera Abadi', 'Media', 'Jl. Diponegoro No. 7070, Tasikmalaya', 'Indonesia', '021-0820664', 90000000000),
('PR076', 'PT Harmoni Makmur', 'Bioteknologi', 'Jl. Ahmad Yani No. 7171, Manado', 'Indonesia', '021-0810553', 91000000000),
('PR077', 'PT Bersatu Teguh', 'Konsultan', 'Jl. Gajah Mada No. 7272, Bengkulu', 'Indonesia', '021-0800442', 92000000000),
('PR078', 'PT Berkah Abadi', 'Properti', 'Jl. Pahlawan No. 7373, Palu', 'Indonesia', '021-0790331', 93000000000),
('PR079', 'PT Mandiri Sejahtera', 'Transportasi', 'Jl. Berkat Sentosa No. 7474, Bandung', 'Indonesia', '021-0780220', 94000000000),
('PR080', 'PT Lestari Bersama', 'Perbankan', 'Jl. Gatot Subroto No. 7575, Surabaya', 'Indonesia', '021-0770119', 95000000000),
('PR081', 'PT Berkat Sentosa', 'Teknologi Informasi', 'Jl. Merdeka No. 7676, Yogyakarta', 'Indonesia', '021-0760008', 96000000000),
('PR082', 'PT Jaya Lestari', 'Keuangan', 'Jl. Sudirman No. 7777, Medan', 'Indonesia', '021-0749897', 97000000000),
('PR083', 'PT Sentosa Bersama', 'Telekomunikasi', 'Jl. Diponegoro No. 7878, Semarang', 'Indonesia', '021-0739786', 98000000000),
('PR084', 'PT Mandiri Bersama', 'Pariwisata', 'Jl. Thamrin No. 7979, Bali', 'Indonesia', '021-0729675', 99000000000),
('PR085', 'PT Sejahtera Lestari', 'Otomotif', 'Jl. Hayam Wuruk No. 8080, Makassar', 'Indonesia', '021-0719564', 100000000000),
('PR086', 'PT Makmur Sentosa', 'Kesehatan', 'Jl. Diponegoro No. 8181, Palembang', 'Indonesia', '021-0709453', 101000000000),
('PR087', 'PT Jaya Makmur', 'Pendidikan', 'Jl. Gatot Subroto No. 8282, Malang', 'Indonesia', '021-0699342', 102000000000),
('PR088', 'PT Lestari Bersama', 'Energi', 'Jl. Ahmad Yani No. 8383, Balikpapan', 'Indonesia', '021-0689231', 103000000000),
('PR089', 'PT Berkah Bersama', 'Manufaktur', 'Jl. Gajah Mada No. 8484, Padang', 'Indonesia', '021-0679120', 104000000000),
('PR090', 'PT Sejahtera Bersama', 'Perdagangan', 'Jl. Pangeran Antasari No. 8585, Bandar Lampung', 'Indonesia', '021-0669009', 105000000000),
('PR091', 'PT Maju Bersama', 'Konstruksi', 'Jl. Sudirman No. 8686, Pontianak', 'Indonesia', '021-0658898', 106000000000),
('PR092', 'PT Berkat Bersama', 'Retail', 'Jl. Thamrin No. 8787, Banjarmasin', 'Indonesia', '021-0648787', 107000000000),
('PR093', 'PT Sentosa Jaya', 'Agribisnis', 'Jl. Gatot Subroto No. 8888, Samarinda', 'Indonesia', '021-0638676', 108000000000),
('PR094', 'PT Makmur Jaya', 'Makanan dan Minuman', 'Jl. Hayam Wuruk No. 8989, Tasikmalaya', 'Indonesia', '021-0628565', 109000000000),
('PR095', 'PT Sejahtera Abadi', 'Media', 'Jl. Diponegoro No. 9090, Manado', 'Indonesia', '021-0618454', 110000000000),
('PR096', 'PT Harmoni Makmur', 'Bioteknologi', 'Jl. Ahmad Yani No. 9191, Bengkulu', 'Indonesia', '021-0608343', 111000000000),
('PR097', 'PT Bersatu Teguh', 'Konsultan', 'Jl. Gajah Mada No. 9292, Palu', 'Indonesia', '021-0598232', 112000000000),
('PR098', 'PT Berkah Abadi', 'Properti', 'Jl. Pahlawan No. 9393, Bandung', 'Indonesia', '021-0588121', 113000000000),
('PR099', 'PT Mandiri Sejahtera', 'Transportasi', 'Jl. Berkat Sentosa No. 9494, Surabaya', 'Indonesia', '021-0578010', 114000000000),
('PR100', 'PT Lestari Bersama', 'Perbankan', 'Jl. Gatot Subroto No. 9595, Yogyakarta', 'Indonesia', '021-0567899', 115000000000);
--
INSERT INTO Instansi_Pendidikan (Id_Instansi_Pendidikan, Nama_Instansi, Jenjang_Pendidikan) VALUES
('IP001', 'Universitas Indonesia', 'Perguruan Tinggi'),
('IP002', 'Institut Teknologi Bandung', 'Perguruan Tinggi'),
('IP003', 'Universitas Gadjah Mada', 'Perguruan Tinggi'),
('IP004', 'Institut Pertanian Bogor', 'Perguruan Tinggi'),
('IP005', 'Universitas Diponegoro', 'Perguruan Tinggi'),
('IP006', 'Universitas Padjadjaran', 'Perguruan Tinggi'),
('IP007', 'Universitas Airlangga', 'Perguruan Tinggi'),
('IP008', 'Universitas Brawijaya', 'Perguruan Tinggi'),
('IP009', 'Universitas Hasanuddin', 'Perguruan Tinggi'),
('IP010', 'Institut Teknologi Sepuluh Nopember', 'Perguruan Tinggi'),
('IP011', 'Universitas Negeri Jakarta', 'Perguruan Tinggi'),
('IP012', 'Universitas Sebelas Maret', 'Perguruan Tinggi'),
('IP013', 'Universitas Sumatera Utara', 'Perguruan Tinggi'),
('IP014', 'Universitas Airlangga Surabaya', 'Perguruan Tinggi'),
('IP015', 'Universitas Pendidikan Indonesia', 'Perguruan Tinggi'),
('IP016', 'Universitas Muhammadiyah Surakarta', 'Perguruan Tinggi'),
('IP017', 'Institut Teknologi Sepuluh November Surabaya', 'Perguruan Tinggi'),
('IP018', 'Universitas Sebelas Maret Surakarta', 'Perguruan Tinggi'),
('IP019', 'Universitas Padjadjaran Bandung', 'Perguruan Tinggi'),
('IP020', 'Universitas Diponegoro Semarang', 'Perguruan Tinggi'),
('IP021', 'Institut Teknologi Bandung', 'Perguruan Tinggi'),
('IP022', 'Universitas Gadjah Mada', 'Perguruan Tinggi'),
('IP023', 'Institut Pertanian Bogor', 'Perguruan Tinggi'),
('IP024', 'Universitas Diponegoro', 'Perguruan Tinggi'),
('IP025', 'Universitas Padjadjaran', 'Perguruan Tinggi'),
('IP026', 'Universitas Airlangga', 'Perguruan Tinggi'),
('IP027', 'Universitas Brawijaya', 'Perguruan Tinggi'),
('IP028', 'Universitas Hasanuddin', 'Perguruan Tinggi'),
('IP029', 'Institut Teknologi Sepuluh Nopember', 'Perguruan Tinggi'),
('IP030', 'Universitas Negeri Jakarta', 'Perguruan Tinggi'),
('IP031', 'Universitas Sebelas Maret', 'Perguruan Tinggi'),
('IP032', 'Universitas Sumatera Utara', 'Perguruan Tinggi'),
('IP033', 'Universitas Airlangga Surabaya', 'Perguruan Tinggi'),
('IP034', 'Universitas Pendidikan Indonesia', 'Perguruan Tinggi'),
('IP035', 'Universitas Muhammadiyah Surakarta', 'Perguruan Tinggi'),
('IP036', 'Institut Teknologi Sepuluh November Surabaya', 'Perguruan Tinggi'),
('IP037', 'Universitas Sebelas Maret Surakarta', 'Perguruan Tinggi'),
('IP038', 'Universitas Padjadjaran Bandung', 'Perguruan Tinggi'),
('IP039', 'Universitas Diponegoro Semarang', 'Perguruan Tinggi'),
('IP040', 'Universitas Brawijaya Malang', 'Perguruan Tinggi'),
('IP041', 'Universitas Islam Indonesia', 'Perguruan Tinggi'),
('IP042', 'Universitas Negeri Yogyakarta', 'Perguruan Tinggi'),
('IP043', 'Universitas Andalas', 'Perguruan Tinggi'),
('IP044', 'Universitas Islam Negeri Sunan Kalijaga', 'Perguruan Tinggi'),
('IP045', 'Universitas Kristen Satya Wacana', 'Perguruan Tinggi'),
('IP046', 'Institut Teknologi Harapan Bangsa', 'Perguruan Tinggi'),
('IP047', 'Universitas Sanata Dharma', 'Perguruan Tinggi'),
('IP048', 'Universitas Katolik Parahyangan', 'Perguruan Tinggi'),
('IP049', 'Universitas Pelita Harapan', 'Perguruan Tinggi'),
('IP050', 'Universitas Negeri Malang', 'Perguruan Tinggi'),
('IP051', 'Universitas Sumatera Utara Medan', 'Perguruan Tinggi'),
('IP052', 'Universitas Gadjah Mada Yogyakarta', 'Perguruan Tinggi'),
('IP053', 'Institut Teknologi Bandung Bandung', 'Perguruan Tinggi'),
('IP054', 'Universitas Hasanuddin Makassar', 'Perguruan Tinggi'),
('IP055', 'Universitas Indonesia Depok', 'Perguruan Tinggi'),
('IP056', 'Universitas Airlangga Surabaya Surabaya', 'Perguruan Tinggi'),
('IP057', 'Universitas Diponegoro Semarang Semarang', 'Perguruan Tinggi'),
('IP058', 'Universitas Padjadjaran Bandung Bandung', 'Perguruan Tinggi'),
('IP059', 'Universitas Brawijaya Malang Malang', 'Perguruan Tinggi'),
('IP060', 'Universitas Negeri Jakarta Jakarta', 'Perguruan Tinggi'),
('IP061', 'Universitas Negeri Yogyakarta', 'Perguruan Tinggi'),
('IP062', 'Universitas Andalas', 'Perguruan Tinggi'),
('IP063', 'Universitas Islam Negeri Sunan Kalijaga', 'Perguruan Tinggi'),
('IP064', 'Universitas Kristen Satya Wacana', 'Perguruan Tinggi'),
('IP065', 'Institut Teknologi Harapan Bangsa', 'Perguruan Tinggi'),
('IP066', 'Universitas Sanata Dharma', 'Perguruan Tinggi'),
('IP067', 'Universitas Katolik Parahyangan', 'Perguruan Tinggi'),
('IP068', 'Universitas Pelita Harapan', 'Perguruan Tinggi'),
('IP069', 'Universitas Negeri Malang', 'Perguruan Tinggi'),
('IP070', 'Universitas Sumatera Utara Medan', 'Perguruan Tinggi'),
('IP071', 'Universitas Gadjah Mada Yogyakarta', 'Perguruan Tinggi'),
('IP072', 'Institut Teknologi Bandung Bandung', 'Perguruan Tinggi'),
('IP073', 'Universitas Hasanuddin Makassar', 'Perguruan Tinggi'),
('IP074', 'Universitas Indonesia Depok', 'Perguruan Tinggi'),
('IP075', 'Universitas Airlangga Surabaya Surabaya', 'Perguruan Tinggi'),
('IP076', 'Universitas Diponegoro Semarang Semarang', 'Perguruan Tinggi'),
('IP077', 'Universitas Padjadjaran Bandung Bandung', 'Perguruan Tinggi'),
('IP078', 'Universitas Brawijaya Malang Malang', 'Perguruan Tinggi'),
('IP079', 'Universitas Negeri Jakarta Jakarta', 'Perguruan Tinggi'),
('IP080', 'Institut Teknologi Sepuluh Nopember Surabaya', 'Perguruan Tinggi'),
('IP081', 'Universitas Sumatera Utara Medan', 'Perguruan Tinggi'),
('IP082', 'Universitas Gadjah Mada Yogyakarta', 'Perguruan Tinggi'),
('IP083', 'Institut Teknologi Bandung Bandung', 'Perguruan Tinggi'),
('IP084', 'Universitas Hasanuddin Makassar', 'Perguruan Tinggi'),
('IP085', 'Universitas Indonesia Depok', 'Perguruan Tinggi'),
('IP086', 'Universitas Airlangga Surabaya Surabaya', 'Perguruan Tinggi'),
('IP087', 'Universitas Diponegoro Semarang Semarang', 'Perguruan Tinggi'),
('IP088', 'Universitas Padjadjaran Bandung Bandung', 'Perguruan Tinggi'),
('IP089', 'Universitas Brawijaya Malang Malang', 'Perguruan Tinggi'),
('IP090', 'Universitas Negeri Jakarta Jakarta', 'Perguruan Tinggi'),
('IP091', 'Universitas Sam Ratulangi Manado', 'Perguruan Tinggi'),
('IP092', 'Universitas Sriwijaya Palembang', 'Perguruan Tinggi'),
('IP093', 'Universitas Lampung Bandar Lampung', 'Perguruan Tinggi'),
('IP094', 'Universitas Bina Nusantara Jakarta', 'Perguruan Tinggi'),
('IP095', 'Universitas Mercu Buana Jakarta', 'Perguruan Tinggi'),
('IP096', 'Universitas Tarumanagara Jakarta', 'Perguruan Tinggi'),
('IP097', 'Universitas Pembangunan Nasional Veteran Jakarta', 'Perguruan Tinggi'),
('IP098', 'Universitas Trisakti Jakarta', 'Perguruan Tinggi'),
('IP099', 'Universitas Kristen Indonesia Jakarta', 'Perguruan Tinggi'),
('IP100', 'Universitas Atma Jaya Jakarta', 'Perguruan Tinggi');
--
INSERT INTO Pekerjaan (Id_Pekerjaan, Nama_Pekerjaan, Id_Kategori_Pekerjaan, Id_Perusahaan, Id_Instansi_Pendidikan) VALUES
('PK001', 'Pengembang Web Junior', 'KP001', 'PR001', 'IP001'),
('PK002', 'Analisis Data Senior', 'KP002', 'PR002', 'IP002'),
('PK003', 'Pemrograman Mobile Senior', 'KP003', 'PR003', 'IP003'),
('PK004', 'Desainer Grafis Junior', 'KP004', 'PR004', 'IP004'),
('PK005', 'Manajer Proyek IT', 'KP005', 'PR005', 'IP005'),
('PK006', 'Administrator Jaringan', 'KP006', 'PR006', 'IP006'),
('PK007', 'Pengembang Java Senior', 'KP001', 'PR007', 'IP007'),
('PK008', 'Pengembang Aplikasi Android Junior', 'KP003', 'PR008', 'IP008'),
('PK009', 'Administrator Basis Data', 'KP007', 'PR009', 'IP009'),
('PK010', 'Spesialis Keamanan Informasi', 'KP008', 'PR010', 'IP010'),
('PK011', 'Pemrograman C++ Senior', 'KP003', 'PR011', 'IP011'),
('PK012', 'Pengembang Aplikasi iOS Junior', 'KP003', 'PR012', 'IP012'),
('PK013', 'Analisis Keamanan Jaringan Senior', 'KP002', 'PR013', 'IP013'),
('PK014', 'Desainer User Interface Junior', 'KP004', 'PR014', 'IP014'),
('PK015', 'Pengujian Perangkat Lunak Junior', 'KP009', 'PR015', 'IP015'),
('PK016', 'Administrator Sistem Senior', 'KP006', 'PR016', 'IP016'),
('PK017', 'Pemrograman Python Junior', 'KP003', 'PR017', 'IP017'),
('PK018', 'Ahli Kecerdasan Buatan', 'KP008', 'PR018', 'IP018'),
('PK019', 'Pengembang Game Senior', 'KP001', 'PR019', 'IP019'),
('PK020', 'Pemrograman Frontend Junior', 'KP003', 'PR020', 'IP020'),
('PK021', 'Pengembang Backend Senior', 'KP001', 'PR021', 'IP021'),
('PK022', 'Administrator Sistem Basis Data', 'KP007', 'PR022', 'IP022'),
('PK023', 'Spesialis Keamanan Cyber', 'KP008', 'PR023', 'IP023'),
('PK024', 'Pemrograman PHP Junior', 'KP003', 'PR024', 'IP024'),
('PK025', 'Analisis Algoritma Senior', 'KP002', 'PR025', 'IP025'),
('PK026', 'Desain Web Junior', 'KP004', 'PR026', 'IP026'),
('PK027', 'Spesialis Teknik SEO', 'KP008', 'PR027', 'IP027'),
('PK028', 'Manajer Proyek TI Senior', 'KP005', 'PR028', 'IP028'),
('PK029', 'Pemrograman Ruby Junior', 'KP003', 'PR029', 'IP029'),
('PK030', 'Pemrograman Swift Junior', 'KP003', 'PR030', 'IP030'),
('PK031', 'Pengembang Web Senior', 'KP001', 'PR031', 'IP031'),
('PK032', 'Analisis Data Junior', 'KP002', 'PR032', 'IP032'),
('PK033', 'Pemrograman Mobile Junior', 'KP003', 'PR033', 'IP033'),
('PK034', 'Desainer Grafis Senior', 'KP004', 'PR034', 'IP034'),
('PK035', 'Manajer Proyek IT Junior', 'KP005', 'PR035', 'IP035'),
('PK036', 'Administrator Jaringan Senior', 'KP006', 'PR036', 'IP036'),
('PK037', 'Pengembang Java Junior', 'KP001', 'PR037', 'IP037'),
('PK038', 'Pengembang Aplikasi Android Senior', 'KP003', 'PR038', 'IP038'),
('PK039', 'Administrator Basis Data Junior', 'KP007', 'PR039', 'IP039'),
('PK040', 'Spesialis Keamanan Informasi Senior', 'KP008', 'PR040', 'IP040'),
('PK041', 'Pemrograman C++ Junior', 'KP003', 'PR041', 'IP041'),
('PK042', 'Pengembang Aplikasi iOS Senior', 'KP003', 'PR042', 'IP042'),
('PK043', 'Analisis Keamanan Jaringan Junior', 'KP002', 'PR043', 'IP043'),
('PK044', 'Desainer User Interface Senior', 'KP004', 'PR044', 'IP044'),
('PK045', 'Pengujian Perangkat Lunak Senior', 'KP009', 'PR045', 'IP045'),
('PK046', 'Administrator Sistem Junior', 'KP006', 'PR046', 'IP046'),
('PK047', 'Pemrograman Python Senior', 'KP003', 'PR047', 'IP047'),
('PK048', 'Ahli Kecerdasan Buatan Senior', 'KP008', 'PR048', 'IP048'),
('PK049', 'Pengembang Game Junior', 'KP001', 'PR049', 'IP049'),
('PK050', 'Pemrograman Frontend Senior', 'KP003', 'PR050', 'IP050'),
('PK051', 'Pengembang Backend Junior', 'KP001', 'PR051', 'IP051'),
('PK052', 'Administrator Sistem Basis Data Senior', 'KP007', 'PR052', 'IP052'),
('PK053', 'Spesialis Keamanan Cyber Junior', 'KP008', 'PR053', 'IP053'),
('PK054', 'Pemrograman PHP Senior', 'KP003', 'PR054', 'IP054'),
('PK055', 'Analisis Algoritma Junior', 'KP002', 'PR055', 'IP055'),
('PK056', 'Desain Web Senior', 'KP004', 'PR056', 'IP056'),
('PK057', 'Spesialis Teknik SEO Junior', 'KP008', 'PR057', 'IP057'),
('PK058', 'Manajer Proyek TI Junior', 'KP005', 'PR058', 'IP058'),
('PK059', 'Pemrograman Ruby Senior', 'KP003', 'PR059', 'IP059'),
('PK060', 'Pemrograman Swift Senior', 'KP003', 'PR060', 'IP060'),
('PK061', 'Pengembang Web Senior', 'KP001', 'PR061', 'IP061'),
('PK062', 'Analisis Data Junior', 'KP002', 'PR062', 'IP062'),
('PK063', 'Pemrograman Mobile Junior', 'KP003', 'PR063', 'IP063'),
('PK064', 'Desainer Grafis Senior', 'KP004', 'PR064', 'IP064'),
('PK065', 'Manajer Proyek IT Junior', 'KP005', 'PR065', 'IP065'),
('PK066', 'Administrator Jaringan Senior', 'KP006', 'PR066', 'IP066'),
('PK067', 'Pengembang Java Junior', 'KP001', 'PR067', 'IP067'),
('PK068', 'Pengembang Aplikasi Android Senior', 'KP003', 'PR068', 'IP068'),
('PK069', 'Administrator Basis Data Junior', 'KP007', 'PR069', 'IP069'),
('PK070', 'Spesialis Keamanan Informasi Senior', 'KP008', 'PR070', 'IP070'),
('PK071', 'Pemrograman C++ Junior', 'KP003', 'PR071', 'IP071'),
('PK072', 'Pengembang Aplikasi iOS Senior', 'KP003', 'PR072', 'IP072'),
('PK073', 'Analisis Keamanan Jaringan Junior', 'KP002', 'PR073', 'IP073'),
('PK074', 'Desainer User Interface Senior', 'KP004', 'PR074', 'IP074'),
('PK075', 'Pengujian Perangkat Lunak Senior', 'KP009', 'PR075', 'IP075'),
('PK076', 'Administrator Sistem Junior', 'KP006', 'PR076', 'IP076'),
('PK077', 'Pemrograman Python Senior', 'KP003', 'PR077', 'IP077'),
('PK078', 'Ahli Kecerdasan Buatan Senior', 'KP008', 'PR078', 'IP078'),
('PK079', 'Pengembang Game Junior', 'KP001', 'PR079', 'IP079'),
('PK080', 'Pemrograman Frontend Senior', 'KP003', 'PR080', 'IP080'),
('PK081', 'Pengembang Backend Junior', 'KP001', 'PR081', 'IP081'),
('PK082', 'Administrator Sistem Basis Data Senior', 'KP007', 'PR082', 'IP082'),
('PK083', 'Spesialis Keamanan Cyber Junior', 'KP008', 'PR083', 'IP083'),
('PK084', 'Pemrograman PHP Senior', 'KP003', 'PR084', 'IP084'),
('PK085', 'Analisis Algoritma Junior', 'KP002', 'PR085', 'IP085'),
('PK086', 'Desain Web Senior', 'KP004', 'PR086', 'IP086'),
('PK087', 'Spesialis Teknik SEO Junior', 'KP008', 'PR087', 'IP087'),
('PK088', 'Manajer Proyek TI Junior', 'KP005', 'PR088', 'IP088'),
('PK089', 'Pemrograman Ruby Senior', 'KP003', 'PR089', 'IP089'),
('PK090', 'Pemrograman Swift Senior', 'KP003', 'PR090', 'IP090'),
('PK091', 'Pengembang Web Junior', 'KP001', 'PR091', 'IP091'),
('PK092', 'Analisis Data Senior', 'KP002', 'PR092', 'IP092'),
('PK093', 'Pemrograman Mobile Senior', 'KP003', 'PR093', 'IP093'),
('PK094', 'Desainer Grafis Junior', 'KP004', 'PR094', 'IP094'),
('PK095', 'Manajer Proyek IT', 'KP005', 'PR095', 'IP095'),
('PK096', 'Administrator Jaringan', 'KP006', 'PR096', 'IP096'),
('PK097', 'Pengembang Java Senior', 'KP001', 'PR097', 'IP097'),
('PK098', 'Pengembang Aplikasi Android Junior', 'KP003', 'PR098', 'IP098'),
('PK099', 'Administrator Basis Data', 'KP007', 'PR099', 'IP099'),
('PK100', 'Spesialis Keamanan Informasi', 'KP008', 'PR100', 'IP100');
--
INSERT INTO Alumnus (NRP, Nama, Tanggal_Lahir, Alamat, Asal_Kota, No_HP, Email, Tahun_Masuk, Tahun_Lulus, Jenis_Kelamin, ID_Pekerjaan) VALUES
('NRP001', 'Ahmad Fauzi', '1992-01-15', 'Jl. Merdeka No. 1', 'Jakarta', '081234567890', 'ahmad.fauzi@gmail.com', 2010, 2014, 'M', 'PK001'),
('NRP002', 'Rina Setiawati', '1993-02-20', 'Jl. Sudirman No. 2', 'Bandung', '081234567891', 'rina.setiawati@yahoo.com', 2011, 2015, 'F', 'PK002'),
('NRP003', 'Budi Santoso', '1991-03-25', 'Jl. Thamrin No. 3', 'Surabaya', '081234567892', 'budi.santoso@outlook.com', 2009, 2013, 'M', 'PK003'),
('NRP004', 'Siti Aisyah', '1990-04-10', 'Jl. Gajah Mada No. 4', 'Medan', '081234567893', 'siti.aisyah@gmail.com', 2008, 2012, 'F', 'PK004'),
('NRP005', 'Agus Prabowo', '1992-05-30', 'Jl. Diponegoro No. 5', 'Yogyakarta', '081234567894', 'agus.prabowo@gmail.com', 2010, 2014, 'M', 'PK005'),
('NRP006', 'Dewi Sartika', '1993-06-15', 'Jl. Panglima Polim No. 6', 'Semarang', '081234567895', 'dewi.sartika@yahoo.com', 2011, 2015, 'F', 'PK006'),
('NRP007', 'Rudi Hartono', '1991-07-20', 'Jl. HR Rasuna Said No. 7', 'Malang', '081234567896', 'rudi.hartono@outlook.com', 2009, 2013, 'M', 'PK007'),
('NRP008', 'Linda Wati', '1990-08-25', 'Jl. Gatot Subroto No. 8', 'Makassar', '081234567897', 'linda.wati@gmail.com', 2008, 2012, 'F', 'PK008'),
('NRP009', 'Yusuf Iskandar', '1992-09-30', 'Jl. Imam Bonjol No. 9', 'Palembang', '081234567898', 'yusuf.iskandar@gmail.com', 2010, 2014, 'M', 'PK009'),
('NRP010', 'Nina Rahmawati', '1993-10-05', 'Jl. Cikini No. 10', 'Bali', '081234567899', 'nina.rahmawati@yahoo.com', 2011, 2015, 'F', 'PK010'),
('NRP011', 'Adi Nugroho', '1994-11-15', 'Jl. Kuningan No. 11', 'Bengkulu', '081234567910', 'adi.nugroho@gmail.com', 2012, 2016, 'M', 'PK011'),
('NRP012', 'Tika Sari', '1995-12-20', 'Jl. Setiabudi No. 12', 'Lampung', '081234567911', 'tika.sari@yahoo.com', 2013, 2017, 'F', 'PK012'),
('NRP013', 'Fajar Pratama', '1992-01-05', 'Jl. Dipatiukur No. 13', 'Balikpapan', '081234567912', 'fajar.pratama@outlook.com', 2010, 2014, 'M', 'PK013'),
('NRP014', 'Ayu Lestari', '1993-02-10', 'Jl. Antasari No. 14', 'Pontianak', '081234567913', 'ayu.lestari@gmail.com', 2011, 2015, 'F', 'PK014'),
('NRP015', 'Hendra Wijaya', '1991-03-15', 'Jl. Pahlawan No. 15', 'Manado', '081234567914', 'hendra.wijaya@gmail.com', 2009, 2013, 'M', 'PK015'),
('NRP016', 'Sri Rahayu', '1990-04-20', 'Jl. Hasanudin No. 16', 'Padang', '081234567915', 'sri.rahayu@yahoo.com', 2008, 2012, 'F', 'PK016'),
('NRP017', 'Tommy Suharto', '1992-05-25', 'Jl. Gajah Mada No. 17', 'Pekanbaru', '081234567916', 'tommy.suharto@outlook.com', 2010, 2014, 'M', 'PK017'),
('NRP018', 'Yuli Astuti', '1993-06-30', 'Jl. Merpati No. 18', 'Samarinda', '081234567917', 'yuli.astuti@gmail.com', 2011, 2015, 'F', 'PK018'),
('NRP019', 'Iwan Setiawan', '1991-07-05', 'Jl. Rajawali No. 19', 'Jayapura', '081234567918', 'iwan.setiawan@gmail.com', 2009, 2013, 'M', 'PK019'),
('NRP020', 'Mira Kurnia', '1990-08-10', 'Jl. Garuda No. 20', 'Ambon', '081234567919', 'mira.kurnia@yahoo.com', 2008, 2012, 'F', 'PK020'),
('NRP021', 'Bayu Anggara', '1994-01-15', 'Jl. Melati No. 21', 'Tasikmalaya', '081234567920', 'bayu.anggara@gmail.com', 2012, 2016, 'M', 'PK021'),
('NRP022', 'Lina Handayani', '1995-02-20', 'Jl. Kenanga No. 22', 'Kupang', '081234567921', 'lina.handayani@yahoo.com', 2013, 2017, 'F', 'PK022'),
('NRP023', 'Andi Syahputra', '1992-03-25', 'Jl. Mawar No. 23', 'Bogor', '081234567922', 'andi.syahputra@outlook.com', 2010, 2014, 'M', 'PK023'),
('NRP024', 'Novi Amelia', '1993-04-10', 'Jl. Teratai No. 24', 'Bandar Lampung', '081234567923', 'novi.amelia@gmail.com', 2011, 2015, 'F', 'PK024'),
('NRP025', 'Heri Susanto', '1991-05-30', 'Jl. Anggrek No. 25', 'Palangkaraya', '081234567924', 'heri.susanto@gmail.com', 2009, 2013, 'M', 'PK025'),
('NRP026', 'Yuniarti Fitri', '1990-06-15', 'Jl. Dahlia No. 26', 'Banda Aceh', '081234567925', 'yuniarti.fitri@yahoo.com', 2008, 2012, 'F', 'PK026'),
('NRP027', 'Dimas Saputra', '1992-07-20', 'Jl. Kamboja No. 27', 'Jambi', '081234567926', 'dimas.saputra@outlook.com', 2010, 2014, 'M', 'PK027'),
('NRP028', 'Intan Nuraini', '1993-08-25', 'Jl. Flamboyan No. 28', 'Kendari', '081234567927', 'intan.nuraini@gmail.com', 2011, 2015, 'F', 'PK028'),
('NRP029', 'Rahmat Hidayat', '1991-09-30', 'Jl. Cempaka No. 29', 'Batam', '081234567928', 'rahmat.hidayat@gmail.com', 2009, 2013, 'M', 'PK029'),
('NRP030', 'Sari Utami', '1990-10-05', 'Jl. Srikaya No. 30', 'Tanjung Pinang', '081234567929', 'sari.utami@yahoo.com', 2008, 2012, 'F', 'PK030'),
('NRP031', 'Doni Wibisono', '1994-11-15', 'Jl. Cemara No. 31', 'Bengkulu', '081234567930', 'doni.wibisono@gmail.com', 2012, 2016, 'M', 'PK031'),
('NRP032', 'Kartika Sari', '1995-12-20', 'Jl. Akasia No. 32', 'Singaraja', '081234567931', 'kartika.sari@yahoo.com', 2013, 2017, 'F', 'PK032'),
('NRP033', 'Arif Setiawan', '1992-01-05', 'Jl. Mahoni No. 33', 'Mataram', '081234567932', 'arif.setiawan@outlook.com', 2010, 2014, 'M', 'PK033'),
('NRP034', 'Citra Dewi', '1993-02-10', 'Jl. Jati No. 34', 'Bengkalis', '081234567933', 'citra.dewi@gmail.com', 2011, 2015, 'F', 'PK034'),
('NRP035', 'Fery Gunawan', '1991-03-15', 'Jl. Pinus No. 35', 'Tarakan', '081234567934', 'fery.gunawan@gmail.com', 2009, 2013, 'M', 'PK035'),
('NRP036', 'Laras Sari', '1990-04-20', 'Jl. Beringin No. 36', 'Palu', '081234567935', 'laras.sari@yahoo.com', 2008, 2012, 'F', 'PK036'),
('NRP037', 'Tommy Setiawan', '1992-05-25', 'Jl. Asem No. 37', 'Bau-Bau', '081234567936', 'tommy.setiawan@outlook.com', 2010, 2014, 'M', 'PK037'),
('NRP038', 'Maya Puspita', '1993-06-30', 'Jl. Mangga No. 38', 'Sukabumi', '081234567937', 'maya.puspita@gmail.com', 2011, 2015, 'F', 'PK038'),
('NRP039', 'Andri Wibowo', '1991-07-05', 'Jl. Kelapa No. 39', 'Pangkal Pinang', '081234567938', 'andri.wibowo@gmail.com', 2009, 2013, 'M', 'PK039'),
('NRP040', 'Lina Aulia', '1990-08-10', 'Jl. Durian No. 40', 'Tebing Tinggi', '081234567939', 'lina.aulia@yahoo.com', 2008, 2012, 'F', 'PK040'),
('NRP041', 'Bayu Saputra', '1994-09-15', 'Jl. Rambutan No. 41', 'Cirebon', '081234567940', 'bayu.saputra@gmail.com', 2012, 2016, 'M', 'PK041'),
('NRP042', 'Diana Putri', '1995-10-20', 'Jl. Anggur No. 42', 'Palu', '081234567941', 'diana.putri@yahoo.com', 2013, 2017, 'F', 'PK042'),
('NRP043', 'Eka Prasetya', '1992-11-05', 'Jl. Kedondong No. 43', 'Serang', '081234567942', 'eka.prasetya@outlook.com', 2010, 2014, 'M', 'PK043'),
('NRP044', 'Fitri Handayani', '1993-12-10', 'Jl. Jambu No. 44', 'Cilacap', '081234567943', 'fitri.handayani@gmail.com', 2011, 2015, 'F', 'PK044'),
('NRP045', 'Galih Ramadhan', '1991-01-15', 'Jl. Sawo No. 45', 'Ciamis', '081234567944', 'galih.ramadhan@gmail.com', 2009, 2013, 'M', 'PK045'),
('NRP046', 'Hana Kartika', '1990-02-20', 'Jl. Salak No. 46', 'Probolinggo', '081234567945', 'hana.kartika@yahoo.com', 2008, 2012, 'F', 'PK046'),
('NRP047', 'Indra Wijaya', '1992-03-25', 'Jl. Kelengkeng No. 47', 'Jombang', '081234567946', 'indra.wijaya@outlook.com', 2010, 2014, 'M', 'PK047'),
('NRP048', 'Joko Susanto', '1993-04-30', 'Jl. Matoa No. 48', 'Banyuwangi', '081234567947', 'joko.susanto@gmail.com', 2011, 2015, 'M', 'PK048'),
('NRP049', 'Kartini Saraswati', '1991-05-05', 'Jl. Asam No. 49', 'Kediri', '081234567948', 'kartini.saraswati@gmail.com', 2009, 2013, 'F', 'PK049'),
('NRP050', 'Luthfi Hakim', '1990-06-10', 'Jl. Ceremai No. 50', 'Blitar', '081234567949', 'luthfi.hakim@yahoo.com', 2008, 2012, 'M', 'PK050'),
('NRP051', 'Maya Septiani', '1994-07-15', 'Jl. Jeruk No. 51', 'Madiun', '081234567950', 'maya.septiani@gmail.com', 2012, 2016, 'F', 'PK051'),
('NRP052', 'Nanda Putra', '1995-08-20', 'Jl. Manggis No. 52', 'Tegal', '081234567951', 'nanda.putra@yahoo.com', 2013, 2017, 'M', 'PK052'),
('NRP053', 'Oka Pratama', '1992-09-05', 'Jl. Delima No. 53', 'Purwokerto', '081234567952', 'oka.pratama@outlook.com', 2010, 2014, 'M', 'PK053'),
('NRP054', 'Putu Sari', '1993-10-10', 'Jl. Markisa No. 54', 'Magelang', '081234567953', 'putu.sari@gmail.com', 2011, 2015, 'F', 'PK054'),
('NRP055', 'Qori Hidayat', '1991-11-15', 'Jl. Kemuning No. 55', 'Wonosobo', '081234567954', 'qori.hidayat@gmail.com', 2009, 2013, 'M', 'PK055'),
('NRP056', 'Rina Lestari', '1990-12-20', 'Jl. Cengkeh No. 56', 'Jepara', '081234567955', 'rina.lestari@yahoo.com', 2008, 2012, 'F', 'PK056'),
('NRP057', 'Slamet Riyadi', '1992-01-05', 'Jl. Melinjo No. 57', 'Pemalang', '081234567956', 'slamet.riyadi@outlook.com', 2010, 2014, 'M', 'PK057'),
('NRP058', 'Tina Suryani', '1993-02-10', 'Jl. Kepel No. 58', 'Purbalingga', '081234567957', 'tina.suryani@gmail.com', 2011, 2015, 'F', 'PK058'),
('NRP059', 'Usman Bahar', '1991-03-15', 'Jl. Sirsak No. 59', 'Temanggung', '081234567958', 'usman.bahar@gmail.com', 2009, 2013, 'M', 'PK059'),
('NRP060', 'Vina Anggraeni', '1990-04-20', 'Jl. Gandaria No. 60', 'Salatiga', '081234567959', 'vina.anggraeni@yahoo.com', 2008, 2012, 'F', 'PK060'),
('NRP061', 'Wawan Setiawan', '1994-05-25', 'Jl. Kemuning No. 61', 'Semarang', '081234567960', 'wawan.setiawan@gmail.com', 2012, 2016, 'M', 'PK061'),
('NRP062', 'Yuli Astuti', '1995-06-30', 'Jl. Mawar No. 62', 'Solo', '081234567961', 'yuli.astuti@yahoo.com', 2013, 2017, 'F', 'PK062'),
('NRP063', 'Zaki Firmansyah', '1992-07-05', 'Jl. Flamboyan No. 63', 'Magetan', '081234567962', 'zaki.firmansyah@outlook.com', 2010, 2014, 'M', 'PK063'),
('NRP064', 'Adi Pratama', '1993-08-10', 'Jl. Melati No. 64', 'Ngawi', '081234567963', 'adi.pratama@gmail.com', 2011, 2015, 'M', 'PK064'),
('NRP065', 'Budi Kurniawan', '1991-09-15', 'Jl. Kenanga No. 65', 'Bojonegoro', '081234567964', 'budi.kurniawan@gmail.com', 2009, 2013, 'M', 'PK065'),
('NRP066', 'Citra Handayani', '1990-10-20', 'Jl. Melinjo No. 66', 'Jember', '081234567965', 'citra.handayani@yahoo.com', 2008, 2012, 'F', 'PK066'),
('NRP067', 'Dedi Setiawan', '1992-11-25', 'Jl. Teratai No. 67', 'Pasuruan', '081234567966', 'dedi.setiawan@outlook.com', 2010, 2014, 'M', 'PK067'),
('NRP068', 'Eka Fitriani', '1993-12-30', 'Jl. Mawar No. 68', 'Sidoarjo', '081234567967', 'eka.fitriani@gmail.com', 2011, 2015, 'F', 'PK068'),
('NRP069', 'Fajar Hidayat', '1991-01-05', 'Jl. Anggrek No. 69', 'Banyuwangi', '081234567968', 'fajar.hidayat@gmail.com', 2009, 2013, 'M', 'PK069'),
('NRP070', 'Gina Kartika', '1990-02-10', 'Jl. Dahlia No. 70', 'Gresik', '081234567969', 'gina.kartika@yahoo.com', 2008, 2012, 'F', 'PK070'),
('NRP071', 'Hariyanto Joko', '1994-03-15', 'Jl. Mawar No. 71', 'Sumenep', '081234567970', 'hariyanto.joko@gmail.com', 2012, 2016, 'M', 'PK071'),
('NRP072', 'Ida Ayu', '1995-04-20', 'Jl. Kenanga No. 72', 'Pamekasan', '081234567971', 'ida.ayu@yahoo.com', 2013, 2017, 'F', 'PK072'),
('NRP073', 'Joko Setiawan', '1992-05-25', 'Jl. Melati No. 73', 'Bangkalan', '081234567972', 'joko.setiawan@outlook.com', 2010, 2014, 'M', 'PK073'),
('NRP074', 'Kartika Dewi', '1993-06-30', 'Jl. Anggrek No. 74', 'Sampang', '081234567973', 'kartika.dewi@gmail.com', 2011, 2015, 'F', 'PK074'),
('NRP075', 'Lutfi Hakim', '1991-07-05', 'Jl. Teratai No. 75', 'Sidoarjo', '081234567974', 'lutfi.hakim@gmail.com', 2009, 2013, 'M', 'PK075'),
('NRP076', 'Maya Indah', '1990-08-10', 'Jl. Melinjo No. 76', 'Mojokerto', '081234567975', 'maya.indah@yahoo.com', 2008, 2012, 'F', 'PK076'),
('NRP077', 'Nanda Prasetya', '1992-09-15', 'Jl. Dahlia No. 77', 'Jember', '081234567976', 'nanda.prasetya@outlook.com', 2010, 2014, 'M', 'PK077'),
('NRP078', 'Oka Wijaya', '1993-10-20', 'Jl. Flamboyan No. 78', 'Pasuruan', '081234567977', 'oka.wijaya@gmail.com', 2011, 2015, 'M', 'PK078'),
('NRP079', 'Putri Sari', '1991-11-25', 'Jl. Kamboja No. 79', 'Probolinggo', '081234567978', 'putri.sari@yahoo.com', 2009, 2013, 'F', 'PK079'),
('NRP080', 'Qori Hidayat', '1990-12-30', 'Jl. Cemara No. 80', 'Bondowoso', '081234567979', 'qori.hidayat@gmail.com', 2008, 2012, 'M', 'PK080'),
('NRP081', 'Rina Anggraeni', '1994-01-05', 'Jl. Mahoni No. 81', 'Situbondo', '081234567980', 'rina.anggraeni@yahoo.com', 2012, 2016, 'F', 'PK081'),
('NRP082', 'Sigit Prabowo', '1995-02-10', 'Jl. Jati No. 82', 'Banyuwangi', '081234567981', 'sigit.prabowo@outlook.com', 2013, 2017, 'M', 'PK082'),
('NRP083', 'Tina Suryani', '1992-03-15', 'Jl. Kenanga No. 83', 'Malang', '081234567982', 'tina.suryani@gmail.com', 2010, 2014, 'F', 'PK083'),
('NRP084', 'Usman Hakim', '1993-04-20', 'Jl. Melati No. 84', 'Blitar', '081234567983', 'usman.hakim@gmail.com', 2011, 2015, 'M', 'PK084'),
('NRP085', 'Vina Puspita', '1991-05-25', 'Jl. Mawar No. 85', 'Madiun', '081234567984', 'vina.puspita@yahoo.com', 2009, 2013, 'F', 'PK085'),
('NRP086', 'Wawan Santoso', '1990-06-30', 'Jl. Anggrek No. 86', 'Ngawi', '081234567985', 'wawan.santoso@gmail.com', 2008, 2012, 'M', 'PK086'),
('NRP087', 'Xena Kartika', '1992-07-05', 'Jl. Teratai No. 87', 'Magetan', '081234567986', 'xena.kartika@yahoo.com', 2010, 2014, 'F', 'PK087'),
('NRP088', 'Yusuf Iskandar', '1993-08-10', 'Jl. Dahlia No. 88', 'Nganjuk', '081234567987', 'yusuf.iskandar@gmail.com', 2011, 2015, 'M', 'PK088'),
('NRP089', 'Zainab Sari', '1991-09-15', 'Jl. Melinjo No. 89', 'Kediri', '081234567988', 'zainab.sari@yahoo.com', 2009, 2013, 'F', 'PK089'),
('NRP090', 'Ahmad Fauzan', '1990-10-20', 'Jl. Flamboyan No. 90', 'Tulungagung', '081234567989', 'ahmad.fauzan@gmail.com', 2008, 2012, 'M', 'PK090'),
('NRP091', 'Budi Santoso', '1994-11-25', 'Jl. Mawar No. 91', 'Surabaya', '081234567990', 'budi.santoso@gmail.com', 2012, 2016, 'M', 'PK091'),
('NRP092', 'Citra Lestari', '1995-12-30', 'Jl. Anggrek No. 92', 'Sidoarjo', '081234567991', 'citra.lestari@yahoo.com', 2013, 2017, 'F', 'PK092'),
('NRP093', 'Dedi Pratama', '1992-01-05', 'Jl. Kenanga No. 93', 'Gresik', '081234567992', 'dedi.pratama@outlook.com', 2010, 2014, 'M', 'PK093'),
('NRP094', 'Eka Fitri', '1993-02-10', 'Jl. Melati No. 94', 'Bangkalan', '081234567993', 'eka.fitri@gmail.com', 2011, 2015, 'F', 'PK094'),
('NRP095', 'Fajar Rahman', '1991-03-15', 'Jl. Dahlia No. 95', 'Sumenep', '081234567994', 'fajar.rahman@gmail.com', 2009, 2013, 'M', 'PK095'),
('NRP096', 'Gina Aulia', '1990-04-20', 'Jl. Mawar No. 96', 'Pamekasan', '081234567995', 'gina.aulia@yahoo.com', 2008, 2012, 'F', 'PK096'),
('NRP097', 'Hari Setiawan', '1992-05-25', 'Jl. Teratai No. 97', 'Sampang', '081234567996', 'hari.setiawan@outlook.com', 2010, 2014, 'M', 'PK097'),
('NRP098', 'Indah Puspita', '1993-06-30', 'Jl. Melinjo No. 98', 'Pasuruan', '081234567997', 'indah.puspita@gmail.com', 2011, 2015, 'F', 'PK098'),
('NRP099', 'Joko Nugroho', '1991-07-05', 'Jl. Dahlia No. 99', 'Probolinggo', '081234567998', 'joko.nugroho@gmail.com', 2009, 2013, 'M', 'PK099'),
('NRP100', 'Kartika Sari', '1990-08-10', 'Jl. Anggrek No. 100', 'Bondowoso', '081234567999', 'kartika.sari@yahoo.com', 2008, 2012, 'F', 'PK100');